#SampleID	BarcodeSequence	ForwardPrimerSequence	ReversePrimerSequence	ForwardRead	ReverseRead	origID	Sex	Time	DayID	DPW	Description
F3D000	NA	NA	NA	F3D0_S188_L001_R1_001.fastq.gz	F3D0_S188_L001_R2_001.fastq.gz	F3D0	Female	Early	D000	0	iMAPcasestudySet
F3D001	NA	NA	NA	F3D1_S189_L001_R1_001.fastq.gz	F3D1_S189_L001_R2_001.fastq.gz	F3D1	Female	Early	D001	1	iMAPcasestudySet
F3D002	NA	NA	NA	F3D2_S190_L001_R1_001.fastq.gz	F3D2_S190_L001_R2_001.fastq.gz	F3D2	Female	Early	D002	2	iMAPcasestudySet
F3D003	NA	NA	NA	F3D3_S191_L001_R1_001.fastq.gz	F3D3_S191_L001_R2_001.fastq.gz	F3D3	Female	Early	D003	3	iMAPcasestudySet
F3D005	NA	NA	NA	F3D5_S193_L001_R1_001.fastq.gz	F3D5_S193_L001_R2_001.fastq.gz	F3D5	Female	Early	D005	5	iMAPcasestudySet
F3D006	NA	NA	NA	F3D6_S194_L001_R1_001.fastq.gz	F3D6_S194_L001_R2_001.fastq.gz	F3D6	Female	Early	D006	6	iMAPcasestudySet
F3D007	NA	NA	NA	F3D7_S195_L001_R1_001.fastq.gz	F3D7_S195_L001_R2_001.fastq.gz	F3D7	Female	Early	D007	7	iMAPcasestudySet
F3D008	NA	NA	NA	F3D8_S196_L001_R1_001.fastq.gz	F3D8_S196_L001_R2_001.fastq.gz	F3D8	Female	Early	D008	8	iMAPcasestudySet
F3D009	NA	NA	NA	F3D9_S197_L001_R1_001.fastq.gz	F3D9_S197_L001_R2_001.fastq.gz	F3D9	Female	Early	D009	9	iMAPcasestudySet
F3D011	NA	NA	NA	F3D11_S198_L001_R1_001.fastq.gz	F3D11_S198_L001_R2_001.fastq.gz	F3D11	Female	Early	D011	11	iMAPcasestudySet
F3D013	NA	NA	NA	F3D13_S199_L001_R1_001.fastq.gz	F3D13_S199_L001_R2_001.fastq.gz	F3D13	Female	Early	D013	13	iMAPcasestudySet
F3D015	NA	NA	NA	F3D15_S200_L001_R1_001.fastq.gz	F3D15_S200_L001_R2_001.fastq.gz	F3D15	Female	Early	D015	15	iMAPcasestudySet
F3D017	NA	NA	NA	F3D17_S201_L001_R1_001.fastq.gz	F3D17_S201_L001_R2_001.fastq.gz	F3D17	Female	Early	D017	17	iMAPcasestudySet
F3D019	NA	NA	NA	F3D19_S202_L001_R1_001.fastq.gz	F3D19_S202_L001_R2_001.fastq.gz	F3D19	Female	Early	D019	19	iMAPcasestudySet
F3D021	NA	NA	NA	F3D21_S203_L001_R1_001.fastq.gz	F3D21_S203_L001_R2_001.fastq.gz	F3D21	Female	Early	D021	21	iMAPcasestudySet
F3D025	NA	NA	NA	F3D25_S204_L001_R1_001.fastq.gz	F3D25_S204_L001_R2_001.fastq.gz	F3D25	Female	Early	D025	25	iMAPcasestudySet
F3D065	NA	NA	NA	F3D65_S205_L001_R1_001.fastq.gz	F3D65_S205_L001_R2_001.fastq.gz	F3D65	Female	Early	D065	65	iMAPcasestudySet
F3D125	NA	NA	NA	F3D125_S206_L001_R1_001.fastq.gz	F3D125_S206_L001_R2_001.fastq.gz	F3D125	Female	Late	D125	125	iMAPcasestudySet
F3D141	NA	NA	NA	F3D141_S207_L001_R1_001.fastq.gz	F3D141_S207_L001_R2_001.fastq.gz	F3D141	Female	Late	D141	141	iMAPcasestudySet
F3D142	NA	NA	NA	F3D142_S208_L001_R1_001.fastq.gz	F3D142_S208_L001_R2_001.fastq.gz	F3D142	Female	Late	D142	142	iMAPcasestudySet
F3D143	NA	NA	NA	F3D143_S209_L001_R1_001.fastq.gz	F3D143_S209_L001_R2_001.fastq.gz	F3D143	Female	Late	D143	143	iMAPcasestudySet
F3D144	NA	NA	NA	F3D144_S210_L001_R1_001.fastq.gz	F3D144_S210_L001_R2_001.fastq.gz	F3D144	Female	Late	D144	144	iMAPcasestudySet
F3D145	NA	NA	NA	F3D145_S211_L001_R1_001.fastq.gz	F3D145_S211_L001_R2_001.fastq.gz	F3D145	Female	Late	D145	145	iMAPcasestudySet
F3D146	NA	NA	NA	F3D146_S212_L001_R1_001.fastq.gz	F3D146_S212_L001_R2_001.fastq.gz	F3D146	Female	Late	D146	146	iMAPcasestudySet
F3D147	NA	NA	NA	F3D147_S213_L001_R1_001.fastq.gz	F3D147_S213_L001_R2_001.fastq.gz	F3D147	Female	Late	D147	147	iMAPcasestudySet
F3D148	NA	NA	NA	F3D148_S214_L001_R1_001.fastq.gz	F3D148_S214_L001_R2_001.fastq.gz	F3D148	Female	Late	D148	148	iMAPcasestudySet
F3D149	NA	NA	NA	F3D149_S215_L001_R1_001.fastq.gz	F3D149_S215_L001_R2_001.fastq.gz	F3D149	Female	Late	D149	149	iMAPcasestudySet
F3D150	NA	NA	NA	F3D150_S216_L001_R1_001.fastq.gz	F3D150_S216_L001_R2_001.fastq.gz	F3D150	Female	Late	D150	150	iMAPcasestudySet
F3D364	NA	NA	NA	F3D364_S217_L001_R1_001.fastq.gz	F3D364_S217_L001_R2_001.fastq.gz	F3D364	Female	Late	D364	364	iMAPcasestudySet
F4D000	NA	NA	NA	F4D0_S218_L001_R1_001.fastq.gz	F4D0_S218_L001_R2_001.fastq.gz	F4D0	Female	Early	D000	0	iMAPcasestudySet
F4D001	NA	NA	NA	F4D1_S219_L001_R1_001.fastq.gz	F4D1_S219_L001_R2_001.fastq.gz	F4D1	Female	Early	D001	1	iMAPcasestudySet
F4D002	NA	NA	NA	F4D2_S220_L001_R1_001.fastq.gz	F4D2_S220_L001_R2_001.fastq.gz	F4D2	Female	Early	D002	2	iMAPcasestudySet
F4D003	NA	NA	NA	F4D3_S221_L001_R1_001.fastq.gz	F4D3_S221_L001_R2_001.fastq.gz	F4D3	Female	Early	D003	3	iMAPcasestudySet
F4D004	NA	NA	NA	F4D4_S222_L001_R1_001.fastq.gz	F4D4_S222_L001_R2_001.fastq.gz	F4D4	Female	Early	D004	4	iMAPcasestudySet
F4D005	NA	NA	NA	F4D5_S223_L001_R1_001.fastq.gz	F4D5_S223_L001_R2_001.fastq.gz	F4D5	Female	Early	D005	5	iMAPcasestudySet
F4D006	NA	NA	NA	F4D6_S224_L001_R1_001.fastq.gz	F4D6_S224_L001_R2_001.fastq.gz	F4D6	Female	Early	D006	6	iMAPcasestudySet
F4D007	NA	NA	NA	F4D7_S225_L001_R1_001.fastq.gz	F4D7_S225_L001_R2_001.fastq.gz	F4D7	Female	Early	D007	7	iMAPcasestudySet
F4D008	NA	NA	NA	F4D8_S226_L001_R1_001.fastq.gz	F4D8_S226_L001_R2_001.fastq.gz	F4D8	Female	Early	D008	8	iMAPcasestudySet
F4D009	NA	NA	NA	F4D9_S227_L001_R1_001.fastq.gz	F4D9_S227_L001_R2_001.fastq.gz	F4D9	Female	Early	D009	9	iMAPcasestudySet
F4D011	NA	NA	NA	F4D11_S228_L001_R1_001.fastq.gz	F4D11_S228_L001_R2_001.fastq.gz	F4D11	Female	Early	D011	11	iMAPcasestudySet
F4D013	NA	NA	NA	F4D13_S229_L001_R1_001.fastq.gz	F4D13_S229_L001_R2_001.fastq.gz	F4D13	Female	Early	D013	13	iMAPcasestudySet
F4D015	NA	NA	NA	F4D15_S230_L001_R1_001.fastq.gz	F4D15_S230_L001_R2_001.fastq.gz	F4D15	Female	Early	D015	15	iMAPcasestudySet
F4D017	NA	NA	NA	F4D17_S231_L001_R1_001.fastq.gz	F4D17_S231_L001_R2_001.fastq.gz	F4D17	Female	Early	D017	17	iMAPcasestudySet
F4D019	NA	NA	NA	F4D19_S232_L001_R1_001.fastq.gz	F4D19_S232_L001_R2_001.fastq.gz	F4D19	Female	Early	D019	19	iMAPcasestudySet
F4D021	NA	NA	NA	F4D21_S233_L001_R1_001.fastq.gz	F4D21_S233_L001_R2_001.fastq.gz	F4D21	Female	Early	D021	21	iMAPcasestudySet
F4D025	NA	NA	NA	F4D25_S234_L001_R1_001.fastq.gz	F4D25_S234_L001_R2_001.fastq.gz	F4D25	Female	Early	D025	25	iMAPcasestudySet
F4D065	NA	NA	NA	F4D65_S235_L001_R1_001.fastq.gz	F4D65_S235_L001_R2_001.fastq.gz	F4D65	Female	Early	D065	65	iMAPcasestudySet
F4D125	NA	NA	NA	F4D125_S236_L001_R1_001.fastq.gz	F4D125_S236_L001_R2_001.fastq.gz	F4D125	Female	Late	D125	125	iMAPcasestudySet
F4D141	NA	NA	NA	F4D141_S237_L001_R1_001.fastq.gz	F4D141_S237_L001_R2_001.fastq.gz	F4D141	Female	Late	D141	141	iMAPcasestudySet
F4D142	NA	NA	NA	F4D142_S238_L001_R1_001.fastq.gz	F4D142_S238_L001_R2_001.fastq.gz	F4D142	Female	Late	D142	142	iMAPcasestudySet
F4D143	NA	NA	NA	F4D143_S239_L001_R1_001.fastq.gz	F4D143_S239_L001_R2_001.fastq.gz	F4D143	Female	Late	D143	143	iMAPcasestudySet
F4D144	NA	NA	NA	F4D144_S240_L001_R1_001.fastq.gz	F4D144_S240_L001_R2_001.fastq.gz	F4D144	Female	Late	D144	144	iMAPcasestudySet
F4D145	NA	NA	NA	F4D145_S241_L001_R1_001.fastq.gz	F4D145_S241_L001_R2_001.fastq.gz	F4D145	Female	Late	D145	145	iMAPcasestudySet
F4D146	NA	NA	NA	F4D146_S242_L001_R1_001.fastq.gz	F4D146_S242_L001_R2_001.fastq.gz	F4D146	Female	Late	D146	146	iMAPcasestudySet
F4D147	NA	NA	NA	F4D147_S243_L001_R1_001.fastq.gz	F4D147_S243_L001_R2_001.fastq.gz	F4D147	Female	Late	D147	147	iMAPcasestudySet
F4D148	NA	NA	NA	F4D148_S244_L001_R1_001.fastq.gz	F4D148_S244_L001_R2_001.fastq.gz	F4D148	Female	Late	D148	148	iMAPcasestudySet
F4D149	NA	NA	NA	F4D149_S245_L001_R1_001.fastq.gz	F4D149_S245_L001_R2_001.fastq.gz	F4D149	Female	Late	D149	149	iMAPcasestudySet
F4D150	NA	NA	NA	F4D150_S246_L001_R1_001.fastq.gz	F4D150_S246_L001_R2_001.fastq.gz	F4D150	Female	Late	D150	150	iMAPcasestudySet
F4D302	NA	NA	NA	F4D302_S247_L001_R1_001.fastq.gz	F4D302_S247_L001_R2_001.fastq.gz	F4D302	Female	Late	D302	302	iMAPcasestudySet
F5D000	NA	NA	NA	F5D0_S248_L001_R1_001.fastq.gz	F5D0_S248_L001_R2_001.fastq.gz	F5D0	Female	Early	D000	0	iMAPcasestudySet
F5D001	NA	NA	NA	F5D1_S249_L001_R1_001.fastq.gz	F5D1_S249_L001_R2_001.fastq.gz	F5D1	Female	Early	D001	1	iMAPcasestudySet
F5D002	NA	NA	NA	F5D2_S250_L001_R1_001.fastq.gz	F5D2_S250_L001_R2_001.fastq.gz	F5D2	Female	Early	D002	2	iMAPcasestudySet
F5D003	NA	NA	NA	F5D3_S251_L001_R1_001.fastq.gz	F5D3_S251_L001_R2_001.fastq.gz	F5D3	Female	Early	D003	3	iMAPcasestudySet
F5D004	NA	NA	NA	F5D4_S252_L001_R1_001.fastq.gz	F5D4_S252_L001_R2_001.fastq.gz	F5D4	Female	Early	D004	4	iMAPcasestudySet
F5D005	NA	NA	NA	F5D5_S253_L001_R1_001.fastq.gz	F5D5_S253_L001_R2_001.fastq.gz	F5D5	Female	Early	D005	5	iMAPcasestudySet
F5D006	NA	NA	NA	F5D6_S254_L001_R1_001.fastq.gz	F5D6_S254_L001_R2_001.fastq.gz	F5D6	Female	Early	D006	6	iMAPcasestudySet
F5D007	NA	NA	NA	F5D7_S255_L001_R1_001.fastq.gz	F5D7_S255_L001_R2_001.fastq.gz	F5D7	Female	Early	D007	7	iMAPcasestudySet
F5D008	NA	NA	NA	F5D8_S256_L001_R1_001.fastq.gz	F5D8_S256_L001_R2_001.fastq.gz	F5D8	Female	Early	D008	8	iMAPcasestudySet
F5D009	NA	NA	NA	F5D9_S257_L001_R1_001.fastq.gz	F5D9_S257_L001_R2_001.fastq.gz	F5D9	Female	Early	D009	9	iMAPcasestudySet
F5D011	NA	NA	NA	F5D11_S258_L001_R1_001.fastq.gz	F5D11_S258_L001_R2_001.fastq.gz	F5D11	Female	Early	D011	11	iMAPcasestudySet
F5D013	NA	NA	NA	F5D13_S259_L001_R1_001.fastq.gz	F5D13_S259_L001_R2_001.fastq.gz	F5D13	Female	Early	D013	13	iMAPcasestudySet
F5D015	NA	NA	NA	F5D15_S260_L001_R1_001.fastq.gz	F5D15_S260_L001_R2_001.fastq.gz	F5D15	Female	Early	D015	15	iMAPcasestudySet
F5D017	NA	NA	NA	F5D17_S261_L001_R1_001.fastq.gz	F5D17_S261_L001_R2_001.fastq.gz	F5D17	Female	Early	D017	17	iMAPcasestudySet
F5D019	NA	NA	NA	F5D19_S262_L001_R1_001.fastq.gz	F5D19_S262_L001_R2_001.fastq.gz	F5D19	Female	Early	D019	19	iMAPcasestudySet
F5D021	NA	NA	NA	F5D21_S263_L001_R1_001.fastq.gz	F5D21_S263_L001_R2_001.fastq.gz	F5D21	Female	Early	D021	21	iMAPcasestudySet
F5D025	NA	NA	NA	F5D25_S264_L001_R1_001.fastq.gz	F5D25_S264_L001_R2_001.fastq.gz	F5D25	Female	Early	D025	25	iMAPcasestudySet
F5D045	NA	NA	NA	F5D45_S265_L001_R1_001.fastq.gz	F5D45_S265_L001_R2_001.fastq.gz	F5D45	Female	Early	D045	45	iMAPcasestudySet
F5D065	NA	NA	NA	F5D65_S266_L001_R1_001.fastq.gz	F5D65_S266_L001_R2_001.fastq.gz	F5D65	Female	Early	D065	65	iMAPcasestudySet
F5D125	NA	NA	NA	F5D125_S267_L001_R1_001.fastq.gz	F5D125_S267_L001_R2_001.fastq.gz	F5D125	Female	Late	D125	125	iMAPcasestudySet
F5D141	NA	NA	NA	F5D141_S268_L001_R1_001.fastq.gz	F5D141_S268_L001_R2_001.fastq.gz	F5D141	Female	Late	D141	141	iMAPcasestudySet
F5D142	NA	NA	NA	F5D142_S269_L001_R1_001.fastq.gz	F5D142_S269_L001_R2_001.fastq.gz	F5D142	Female	Late	D142	142	iMAPcasestudySet
F5D143	NA	NA	NA	F5D143_S270_L001_R1_001.fastq.gz	F5D143_S270_L001_R2_001.fastq.gz	F5D143	Female	Late	D143	143	iMAPcasestudySet
F5D144	NA	NA	NA	F5D144_S271_L001_R1_001.fastq.gz	F5D144_S271_L001_R2_001.fastq.gz	F5D144	Female	Late	D144	144	iMAPcasestudySet
F5D145	NA	NA	NA	F5D145_S272_L001_R1_001.fastq.gz	F5D145_S272_L001_R2_001.fastq.gz	F5D145	Female	Late	D145	145	iMAPcasestudySet
F5D146	NA	NA	NA	F5D146_S273_L001_R1_001.fastq.gz	F5D146_S273_L001_R2_001.fastq.gz	F5D146	Female	Late	D146	146	iMAPcasestudySet
F5D147	NA	NA	NA	F5D147_S274_L001_R1_001.fastq.gz	F5D147_S274_L001_R2_001.fastq.gz	F5D147	Female	Late	D147	147	iMAPcasestudySet
F5D148	NA	NA	NA	F5D148_S275_L001_R1_001.fastq.gz	F5D148_S275_L001_R2_001.fastq.gz	F5D148	Female	Late	D148	148	iMAPcasestudySet
F5D149	NA	NA	NA	F5D149_S276_L001_R1_001.fastq.gz	F5D149_S276_L001_R2_001.fastq.gz	F5D149	Female	Late	D149	149	iMAPcasestudySet
F5D150	NA	NA	NA	F5D150_S277_L001_R1_001.fastq.gz	F5D150_S277_L001_R2_001.fastq.gz	F5D150	Female	Late	D150	150	iMAPcasestudySet
F5D165	NA	NA	NA	F5D165_S278_L001_R1_001.fastq.gz	F5D165_S278_L001_R2_001.fastq.gz	F5D165	Female	Late	D165	165	iMAPcasestudySet
F5D364	NA	NA	NA	F5D364_S279_L001_R1_001.fastq.gz	F5D364_S279_L001_R2_001.fastq.gz	F5D364	Female	Late	D364	364	iMAPcasestudySet
F6D000	NA	NA	NA	F6D0_S284_L001_R1_001.fastq.gz	F6D0_S284_L001_R2_001.fastq.gz	F6D0	Female	Early	D000	0	iMAPcasestudySet
F6D001	NA	NA	NA	F6D1_S285_L001_R1_001.fastq.gz	F6D1_S285_L001_R2_001.fastq.gz	F6D1	Female	Early	D001	1	iMAPcasestudySet
F6D002	NA	NA	NA	F6D2_S286_L001_R1_001.fastq.gz	F6D2_S286_L001_R2_001.fastq.gz	F6D2	Female	Early	D002	2	iMAPcasestudySet
F6D003	NA	NA	NA	F6D3_S287_L001_R1_001.fastq.gz	F6D3_S287_L001_R2_001.fastq.gz	F6D3	Female	Early	D003	3	iMAPcasestudySet
F6D004	NA	NA	NA	F6D4_S288_L001_R1_001.fastq.gz	F6D4_S288_L001_R2_001.fastq.gz	F6D4	Female	Early	D004	4	iMAPcasestudySet
F6D005	NA	NA	NA	F6D5_S289_L001_R1_001.fastq.gz	F6D5_S289_L001_R2_001.fastq.gz	F6D5	Female	Early	D005	5	iMAPcasestudySet
F6D006	NA	NA	NA	F6D6_S290_L001_R1_001.fastq.gz	F6D6_S290_L001_R2_001.fastq.gz	F6D6	Female	Early	D006	6	iMAPcasestudySet
F6D007	NA	NA	NA	F6D7_S291_L001_R1_001.fastq.gz	F6D7_S291_L001_R2_001.fastq.gz	F6D7	Female	Early	D007	7	iMAPcasestudySet
F6D008	NA	NA	NA	F6D8_S292_L001_R1_001.fastq.gz	F6D8_S292_L001_R2_001.fastq.gz	F6D8	Female	Early	D008	8	iMAPcasestudySet
F6D009	NA	NA	NA	F6D9_S293_L001_R1_001.fastq.gz	F6D9_S293_L001_R2_001.fastq.gz	F6D9	Female	Early	D009	9	iMAPcasestudySet
F6D011	NA	NA	NA	F6D11_S294_L001_R1_001.fastq.gz	F6D11_S294_L001_R2_001.fastq.gz	F6D11	Female	Early	D011	11	iMAPcasestudySet
F6D013	NA	NA	NA	F6D13_S295_L001_R1_001.fastq.gz	F6D13_S295_L001_R2_001.fastq.gz	F6D13	Female	Early	D013	13	iMAPcasestudySet
F6D015	NA	NA	NA	F6D15_S296_L001_R1_001.fastq.gz	F6D15_S296_L001_R2_001.fastq.gz	F6D15	Female	Early	D015	15	iMAPcasestudySet
F6D017	NA	NA	NA	F6D17_S297_L001_R1_001.fastq.gz	F6D17_S297_L001_R2_001.fastq.gz	F6D17	Female	Early	D017	17	iMAPcasestudySet
F6D019	NA	NA	NA	F6D19_S298_L001_R1_001.fastq.gz	F6D19_S298_L001_R2_001.fastq.gz	F6D19	Female	Early	D019	19	iMAPcasestudySet
F6D021	NA	NA	NA	F6D21_S299_L001_R1_001.fastq.gz	F6D21_S299_L001_R2_001.fastq.gz	F6D21	Female	Early	D021	21	iMAPcasestudySet
F6D025	NA	NA	NA	F6D25_S300_L001_R1_001.fastq.gz	F6D25_S300_L001_R2_001.fastq.gz	F6D25	Female	Early	D025	25	iMAPcasestudySet
F6D045	NA	NA	NA	F6D45_S301_L001_R1_001.fastq.gz	F6D45_S301_L001_R2_001.fastq.gz	F6D45	Female	Early	D045	45	iMAPcasestudySet
F6D065	NA	NA	NA	F6D65_S302_L001_R1_001.fastq.gz	F6D65_S302_L001_R2_001.fastq.gz	F6D65	Female	Early	D065	65	iMAPcasestudySet
F6D125	NA	NA	NA	F6D125_S303_L001_R1_001.fastq.gz	F6D125_S303_L001_R2_001.fastq.gz	F6D125	Female	Late	D125	125	iMAPcasestudySet
F6D141	NA	NA	NA	F6D141_S304_L001_R1_001.fastq.gz	F6D141_S304_L001_R2_001.fastq.gz	F6D141	Female	Late	D141	141	iMAPcasestudySet
F6D142	NA	NA	NA	F6D142_S305_L001_R1_001.fastq.gz	F6D142_S305_L001_R2_001.fastq.gz	F6D142	Female	Late	D142	142	iMAPcasestudySet
F6D143	NA	NA	NA	F6D143_S306_L001_R1_001.fastq.gz	F6D143_S306_L001_R2_001.fastq.gz	F6D143	Female	Late	D143	143	iMAPcasestudySet
F6D144	NA	NA	NA	F6D144_S307_L001_R1_001.fastq.gz	F6D144_S307_L001_R2_001.fastq.gz	F6D144	Female	Late	D144	144	iMAPcasestudySet
F6D145	NA	NA	NA	F6D145_S308_L001_R1_001.fastq.gz	F6D145_S308_L001_R2_001.fastq.gz	F6D145	Female	Late	D145	145	iMAPcasestudySet
F6D146	NA	NA	NA	F6D146_S309_L001_R1_001.fastq.gz	F6D146_S309_L001_R2_001.fastq.gz	F6D146	Female	Late	D146	146	iMAPcasestudySet
F6D147	NA	NA	NA	F6D147_S310_L001_R1_001.fastq.gz	F6D147_S310_L001_R2_001.fastq.gz	F6D147	Female	Late	D147	147	iMAPcasestudySet
F6D148	NA	NA	NA	F6D148_S311_L001_R1_001.fastq.gz	F6D148_S311_L001_R2_001.fastq.gz	F6D148	Female	Late	D148	148	iMAPcasestudySet
F6D149	NA	NA	NA	F6D149_S312_L001_R1_001.fastq.gz	F6D149_S312_L001_R2_001.fastq.gz	F6D149	Female	Late	D149	149	iMAPcasestudySet
F6D150	NA	NA	NA	F6D150_S313_L001_R1_001.fastq.gz	F6D150_S313_L001_R2_001.fastq.gz	F6D150	Female	Late	D150	150	iMAPcasestudySet
F6D165	NA	NA	NA	F6D165_S314_L001_R1_001.fastq.gz	F6D165_S314_L001_R2_001.fastq.gz	F6D165	Female	Late	D165	165	iMAPcasestudySet
F6D364	NA	NA	NA	F6D364_S315_L001_R1_001.fastq.gz	F6D364_S315_L001_R2_001.fastq.gz	F6D364	Female	Late	D364	364	iMAPcasestudySet
F7D000	NA	NA	NA	F7D0_S316_L001_R1_001.fastq.gz	F7D0_S316_L001_R2_001.fastq.gz	F7D0	Female	Early	D000	0	iMAPcasestudySet
F7D001	NA	NA	NA	F7D1_S317_L001_R1_001.fastq.gz	F7D1_S317_L001_R2_001.fastq.gz	F7D1	Female	Early	D001	1	iMAPcasestudySet
F7D002	NA	NA	NA	F7D2_S318_L001_R1_001.fastq.gz	F7D2_S318_L001_R2_001.fastq.gz	F7D2	Female	Early	D002	2	iMAPcasestudySet
F7D003	NA	NA	NA	F7D3_S319_L001_R1_001.fastq.gz	F7D3_S319_L001_R2_001.fastq.gz	F7D3	Female	Early	D003	3	iMAPcasestudySet
F7D004	NA	NA	NA	F7D4_S320_L001_R1_001.fastq.gz	F7D4_S320_L001_R2_001.fastq.gz	F7D4	Female	Early	D004	4	iMAPcasestudySet
F7D005	NA	NA	NA	F7D5_S321_L001_R1_001.fastq.gz	F7D5_S321_L001_R2_001.fastq.gz	F7D5	Female	Early	D005	5	iMAPcasestudySet
F7D006	NA	NA	NA	F7D6_S322_L001_R1_001.fastq.gz	F7D6_S322_L001_R2_001.fastq.gz	F7D6	Female	Early	D006	6	iMAPcasestudySet
F7D007	NA	NA	NA	F7D7_S323_L001_R1_001.fastq.gz	F7D7_S323_L001_R2_001.fastq.gz	F7D7	Female	Early	D007	7	iMAPcasestudySet
F7D009	NA	NA	NA	F7D9_S324_L001_R1_001.fastq.gz	F7D9_S324_L001_R2_001.fastq.gz	F7D9	Female	Early	D009	9	iMAPcasestudySet
F7D011	NA	NA	NA	F7D11_S325_L001_R1_001.fastq.gz	F7D11_S325_L001_R2_001.fastq.gz	F7D11	Female	Early	D011	11	iMAPcasestudySet
F7D013	NA	NA	NA	F7D13_S326_L001_R1_001.fastq.gz	F7D13_S326_L001_R2_001.fastq.gz	F7D13	Female	Early	D013	13	iMAPcasestudySet
F7D015	NA	NA	NA	F7D15_S327_L001_R1_001.fastq.gz	F7D15_S327_L001_R2_001.fastq.gz	F7D15	Female	Early	D015	15	iMAPcasestudySet
F7D025	NA	NA	NA	F7D25_S328_L001_R1_001.fastq.gz	F7D25_S328_L001_R2_001.fastq.gz	F7D25	Female	Early	D025	25	iMAPcasestudySet
F7D045	NA	NA	NA	F7D45_S329_L001_R1_001.fastq.gz	F7D45_S329_L001_R2_001.fastq.gz	F7D45	Female	Early	D045	45	iMAPcasestudySet
F7D065	NA	NA	NA	F7D65_S330_L001_R1_001.fastq.gz	F7D65_S330_L001_R2_001.fastq.gz	F7D65	Female	Early	D065	65	iMAPcasestudySet
F7D124	NA	NA	NA	F7D124_S331_L001_R1_001.fastq.gz	F7D124_S331_L001_R2_001.fastq.gz	F7D124	Female	Late	D124	124	iMAPcasestudySet
F7D141	NA	NA	NA	F7D141_S332_L001_R1_001.fastq.gz	F7D141_S332_L001_R2_001.fastq.gz	F7D141	Female	Late	D141	141	iMAPcasestudySet
F7D142	NA	NA	NA	F7D142_S333_L001_R1_001.fastq.gz	F7D142_S333_L001_R2_001.fastq.gz	F7D142	Female	Late	D142	142	iMAPcasestudySet
F7D143	NA	NA	NA	F7D143_S334_L001_R1_001.fastq.gz	F7D143_S334_L001_R2_001.fastq.gz	F7D143	Female	Late	D143	143	iMAPcasestudySet
F7D144	NA	NA	NA	F7D144_S335_L001_R1_001.fastq.gz	F7D144_S335_L001_R2_001.fastq.gz	F7D144	Female	Late	D144	144	iMAPcasestudySet
F7D145	NA	NA	NA	F7D145_S336_L001_R1_001.fastq.gz	F7D145_S336_L001_R2_001.fastq.gz	F7D145	Female	Late	D145	145	iMAPcasestudySet
F7D146	NA	NA	NA	F7D146_S337_L001_R1_001.fastq.gz	F7D146_S337_L001_R2_001.fastq.gz	F7D146	Female	Late	D146	146	iMAPcasestudySet
F7D147	NA	NA	NA	F7D147_S338_L001_R1_001.fastq.gz	F7D147_S338_L001_R2_001.fastq.gz	F7D147	Female	Late	D147	147	iMAPcasestudySet
F7D148	NA	NA	NA	F7D148_S339_L001_R1_001.fastq.gz	F7D148_S339_L001_R2_001.fastq.gz	F7D148	Female	Late	D148	148	iMAPcasestudySet
F7D149	NA	NA	NA	F7D149_S340_L001_R1_001.fastq.gz	F7D149_S340_L001_R2_001.fastq.gz	F7D149	Female	Late	D149	149	iMAPcasestudySet
F7D150	NA	NA	NA	F7D150_S341_L001_R1_001.fastq.gz	F7D150_S341_L001_R2_001.fastq.gz	F7D150	Female	Late	D150	150	iMAPcasestudySet
F8D000	NA	NA	NA	F8D0_S342_L001_R1_001.fastq.gz	F8D0_S342_L001_R2_001.fastq.gz	F8D0	Female	Early	D000	0	iMAPcasestudySet
F8D001	NA	NA	NA	F8D1_S343_L001_R1_001.fastq.gz	F8D1_S343_L001_R2_001.fastq.gz	F8D1	Female	Early	D001	1	iMAPcasestudySet
F8D002	NA	NA	NA	F8D2_S344_L001_R1_001.fastq.gz	F8D2_S344_L001_R2_001.fastq.gz	F8D2	Female	Early	D002	2	iMAPcasestudySet
F8D003	NA	NA	NA	F8D3_S345_L001_R1_001.fastq.gz	F8D3_S345_L001_R2_001.fastq.gz	F8D3	Female	Early	D003	3	iMAPcasestudySet
F8D004	NA	NA	NA	F8D4_S346_L001_R1_001.fastq.gz	F8D4_S346_L001_R2_001.fastq.gz	F8D4	Female	Early	D004	4	iMAPcasestudySet
F8D005	NA	NA	NA	F8D5_S347_L001_R1_001.fastq.gz	F8D5_S347_L001_R2_001.fastq.gz	F8D5	Female	Early	D005	5	iMAPcasestudySet
F8D006	NA	NA	NA	F8D6_S348_L001_R1_001.fastq.gz	F8D6_S348_L001_R2_001.fastq.gz	F8D6	Female	Early	D006	6	iMAPcasestudySet
F8D007	NA	NA	NA	F8D7_S349_L001_R1_001.fastq.gz	F8D7_S349_L001_R2_001.fastq.gz	F8D7	Female	Early	D007	7	iMAPcasestudySet
F8D008	NA	NA	NA	F8D8_S350_L001_R1_001.fastq.gz	F8D8_S350_L001_R2_001.fastq.gz	F8D8	Female	Early	D008	8	iMAPcasestudySet
F8D009	NA	NA	NA	F8D9_S351_L001_R1_001.fastq.gz	F8D9_S351_L001_R2_001.fastq.gz	F8D9	Female	Early	D009	9	iMAPcasestudySet
F8D025	NA	NA	NA	F8D25_S352_L001_R1_001.fastq.gz	F8D25_S352_L001_R2_001.fastq.gz	F8D25	Female	Early	D025	25	iMAPcasestudySet
F8D045	NA	NA	NA	F8D45_S353_L001_R1_001.fastq.gz	F8D45_S353_L001_R2_001.fastq.gz	F8D45	Female	Early	D045	45	iMAPcasestudySet
F8D065	NA	NA	NA	F8D65_S354_L001_R1_001.fastq.gz	F8D65_S354_L001_R2_001.fastq.gz	F8D65	Female	Early	D065	65	iMAPcasestudySet
F8D125	NA	NA	NA	F8D125_S355_L001_R1_001.fastq.gz	F8D125_S355_L001_R2_001.fastq.gz	F8D125	Female	Late	D125	125	iMAPcasestudySet
F8D141	NA	NA	NA	F8D141_S356_L001_R1_001.fastq.gz	F8D141_S356_L001_R2_001.fastq.gz	F8D141	Female	Late	D141	141	iMAPcasestudySet
F8D142	NA	NA	NA	F8D142_S357_L001_R1_001.fastq.gz	F8D142_S357_L001_R2_001.fastq.gz	F8D142	Female	Late	D142	142	iMAPcasestudySet
F8D143	NA	NA	NA	F8D143_S358_L001_R1_001.fastq.gz	F8D143_S358_L001_R2_001.fastq.gz	F8D143	Female	Late	D143	143	iMAPcasestudySet
F8D144	NA	NA	NA	F8D144_S359_L001_R1_001.fastq.gz	F8D144_S359_L001_R2_001.fastq.gz	F8D144	Female	Late	D144	144	iMAPcasestudySet
F8D145	NA	NA	NA	F8D145_S360_L001_R1_001.fastq.gz	F8D145_S360_L001_R2_001.fastq.gz	F8D145	Female	Late	D145	145	iMAPcasestudySet
F8D146	NA	NA	NA	F8D146_S361_L001_R1_001.fastq.gz	F8D146_S361_L001_R2_001.fastq.gz	F8D146	Female	Late	D146	146	iMAPcasestudySet
F8D147	NA	NA	NA	F8D147_S362_L001_R1_001.fastq.gz	F8D147_S362_L001_R2_001.fastq.gz	F8D147	Female	Late	D147	147	iMAPcasestudySet
F8D148	NA	NA	NA	F8D148_S363_L001_R1_001.fastq.gz	F8D148_S363_L001_R2_001.fastq.gz	F8D148	Female	Late	D148	148	iMAPcasestudySet
F8D149	NA	NA	NA	F8D149_S364_L001_R1_001.fastq.gz	F8D149_S364_L001_R2_001.fastq.gz	F8D149	Female	Late	D149	149	iMAPcasestudySet
F8D150	NA	NA	NA	F8D150_S365_L001_R1_001.fastq.gz	F8D150_S365_L001_R2_001.fastq.gz	F8D150	Female	Late	D150	150	iMAPcasestudySet
M1D000	NA	NA	NA	M1D0_S1_L001_R1_001.fastq.gz	M1D0_S1_L001_R2_001.fastq.gz	M1D0	Male	Early	D000	0	iMAPcasestudySet
M1D001	NA	NA	NA	M1D1_S2_L001_R1_001.fastq.gz	M1D1_S2_L001_R2_001.fastq.gz	M1D1	Male	Early	D001	1	iMAPcasestudySet
M1D002	NA	NA	NA	M1D2_S3_L001_R1_001.fastq.gz	M1D2_S3_L001_R2_001.fastq.gz	M1D2	Male	Early	D002	2	iMAPcasestudySet
M1D003	NA	NA	NA	M1D3_S4_L001_R1_001.fastq.gz	M1D3_S4_L001_R2_001.fastq.gz	M1D3	Male	Early	D003	3	iMAPcasestudySet
M1D004	NA	NA	NA	M1D4_S5_L001_R1_001.fastq.gz	M1D4_S5_L001_R2_001.fastq.gz	M1D4	Male	Early	D004	4	iMAPcasestudySet
M1D005	NA	NA	NA	M1D5_S6_L001_R1_001.fastq.gz	M1D5_S6_L001_R2_001.fastq.gz	M1D5	Male	Early	D005	5	iMAPcasestudySet
M1D006	NA	NA	NA	M1D6_S7_L001_R1_001.fastq.gz	M1D6_S7_L001_R2_001.fastq.gz	M1D6	Male	Early	D006	6	iMAPcasestudySet
M1D007	NA	NA	NA	M1D7_S8_L001_R1_001.fastq.gz	M1D7_S8_L001_R2_001.fastq.gz	M1D7	Male	Early	D007	7	iMAPcasestudySet
M1D008	NA	NA	NA	M1D8_S9_L001_R1_001.fastq.gz	M1D8_S9_L001_R2_001.fastq.gz	M1D8	Male	Early	D008	8	iMAPcasestudySet
M1D009	NA	NA	NA	M1D9_S10_L001_R1_001.fastq.gz	M1D9_S10_L001_R2_001.fastq.gz	M1D9	Male	Early	D009	9	iMAPcasestudySet
M1D011	NA	NA	NA	M1D11_S11_L001_R1_001.fastq.gz	M1D11_S11_L001_R2_001.fastq.gz	M1D11	Male	Early	D011	11	iMAPcasestudySet
M1D013	NA	NA	NA	M1D13_S12_L001_R1_001.fastq.gz	M1D13_S12_L001_R2_001.fastq.gz	M1D13	Male	Early	D013	13	iMAPcasestudySet
M1D015	NA	NA	NA	M1D15_S13_L001_R1_001.fastq.gz	M1D15_S13_L001_R2_001.fastq.gz	M1D15	Male	Early	D015	15	iMAPcasestudySet
M1D017	NA	NA	NA	M1D17_S14_L001_R1_001.fastq.gz	M1D17_S14_L001_R2_001.fastq.gz	M1D17	Male	Early	D017	17	iMAPcasestudySet
M1D019	NA	NA	NA	M1D19_S15_L001_R1_001.fastq.gz	M1D19_S15_L001_R2_001.fastq.gz	M1D19	Male	Early	D019	19	iMAPcasestudySet
M1D021	NA	NA	NA	M1D21_S16_L001_R1_001.fastq.gz	M1D21_S16_L001_R2_001.fastq.gz	M1D21	Male	Early	D021	21	iMAPcasestudySet
M1D025	NA	NA	NA	M1D25_S17_L001_R1_001.fastq.gz	M1D25_S17_L001_R2_001.fastq.gz	M1D25	Male	Early	D025	25	iMAPcasestudySet
M1D065	NA	NA	NA	M1D65_S18_L001_R1_001.fastq.gz	M1D65_S18_L001_R2_001.fastq.gz	M1D65	Male	Early	D065	65	iMAPcasestudySet
M1D125	NA	NA	NA	M1D125_S19_L001_R1_001.fastq.gz	M1D125_S19_L001_R2_001.fastq.gz	M1D125	Male	Late	D125	125	iMAPcasestudySet
M1D141	NA	NA	NA	M1D141_S20_L001_R1_001.fastq.gz	M1D141_S20_L001_R2_001.fastq.gz	M1D141	Male	Late	D141	141	iMAPcasestudySet
M1D142	NA	NA	NA	M1D142_S21_L001_R1_001.fastq.gz	M1D142_S21_L001_R2_001.fastq.gz	M1D142	Male	Late	D142	142	iMAPcasestudySet
M1D143	NA	NA	NA	M1D143_S22_L001_R1_001.fastq.gz	M1D143_S22_L001_R2_001.fastq.gz	M1D143	Male	Late	D143	143	iMAPcasestudySet
M1D144	NA	NA	NA	M1D144_S23_L001_R1_001.fastq.gz	M1D144_S23_L001_R2_001.fastq.gz	M1D144	Male	Late	D144	144	iMAPcasestudySet
M1D145	NA	NA	NA	M1D145_S24_L001_R1_001.fastq.gz	M1D145_S24_L001_R2_001.fastq.gz	M1D145	Male	Late	D145	145	iMAPcasestudySet
M1D146	NA	NA	NA	M1D146_S25_L001_R1_001.fastq.gz	M1D146_S25_L001_R2_001.fastq.gz	M1D146	Male	Late	D146	146	iMAPcasestudySet
M1D147	NA	NA	NA	M1D147_S26_L001_R1_001.fastq.gz	M1D147_S26_L001_R2_001.fastq.gz	M1D147	Male	Late	D147	147	iMAPcasestudySet
M1D148	NA	NA	NA	M1D148_S27_L001_R1_001.fastq.gz	M1D148_S27_L001_R2_001.fastq.gz	M1D148	Male	Late	D148	148	iMAPcasestudySet
M1D149	NA	NA	NA	M1D149_S28_L001_R1_001.fastq.gz	M1D149_S28_L001_R2_001.fastq.gz	M1D149	Male	Late	D149	149	iMAPcasestudySet
M1D364	NA	NA	NA	M1D364_S29_L001_R1_001.fastq.gz	M1D364_S29_L001_R2_001.fastq.gz	M1D364	Male	Late	D364	364	iMAPcasestudySet
M2D000	NA	NA	NA	M2D0_S30_L001_R1_001.fastq.gz	M2D0_S30_L001_R2_001.fastq.gz	M2D0	Male	Early	D000	0	iMAPcasestudySet
M2D001	NA	NA	NA	M2D1_S31_L001_R1_001.fastq.gz	M2D1_S31_L001_R2_001.fastq.gz	M2D1	Male	Early	D001	1	iMAPcasestudySet
M2D002	NA	NA	NA	M2D2_S32_L001_R1_001.fastq.gz	M2D2_S32_L001_R2_001.fastq.gz	M2D2	Male	Early	D002	2	iMAPcasestudySet
M2D003	NA	NA	NA	M2D3_S33_L001_R1_001.fastq.gz	M2D3_S33_L001_R2_001.fastq.gz	M2D3	Male	Early	D003	3	iMAPcasestudySet
M2D004	NA	NA	NA	M2D4_S34_L001_R1_001.fastq.gz	M2D4_S34_L001_R2_001.fastq.gz	M2D4	Male	Early	D004	4	iMAPcasestudySet
M2D005	NA	NA	NA	M2D5_S35_L001_R1_001.fastq.gz	M2D5_S35_L001_R2_001.fastq.gz	M2D5	Male	Early	D005	5	iMAPcasestudySet
M2D006	NA	NA	NA	M2D6_S36_L001_R1_001.fastq.gz	M2D6_S36_L001_R2_001.fastq.gz	M2D6	Male	Early	D006	6	iMAPcasestudySet
M2D007	NA	NA	NA	M2D7_S37_L001_R1_001.fastq.gz	M2D7_S37_L001_R2_001.fastq.gz	M2D7	Male	Early	D007	7	iMAPcasestudySet
M2D008	NA	NA	NA	M2D8_S38_L001_R1_001.fastq.gz	M2D8_S38_L001_R2_001.fastq.gz	M2D8	Male	Early	D008	8	iMAPcasestudySet
M2D009	NA	NA	NA	M2D9_S39_L001_R1_001.fastq.gz	M2D9_S39_L001_R2_001.fastq.gz	M2D9	Male	Early	D009	9	iMAPcasestudySet
M2D011	NA	NA	NA	M2D11_S40_L001_R1_001.fastq.gz	M2D11_S40_L001_R2_001.fastq.gz	M2D11	Male	Early	D011	11	iMAPcasestudySet
M2D013	NA	NA	NA	M2D13_S41_L001_R1_001.fastq.gz	M2D13_S41_L001_R2_001.fastq.gz	M2D13	Male	Early	D013	13	iMAPcasestudySet
M2D015	NA	NA	NA	M2D15_S42_L001_R1_001.fastq.gz	M2D15_S42_L001_R2_001.fastq.gz	M2D15	Male	Early	D015	15	iMAPcasestudySet
M2D017	NA	NA	NA	M2D17_S43_L001_R1_001.fastq.gz	M2D17_S43_L001_R2_001.fastq.gz	M2D17	Male	Early	D017	17	iMAPcasestudySet
M2D019	NA	NA	NA	M2D19_S44_L001_R1_001.fastq.gz	M2D19_S44_L001_R2_001.fastq.gz	M2D19	Male	Early	D019	19	iMAPcasestudySet
M2D021	NA	NA	NA	M2D21_S45_L001_R1_001.fastq.gz	M2D21_S45_L001_R2_001.fastq.gz	M2D21	Male	Early	D021	21	iMAPcasestudySet
M2D025	NA	NA	NA	M2D25_S46_L001_R1_001.fastq.gz	M2D25_S46_L001_R2_001.fastq.gz	M2D25	Male	Early	D025	25	iMAPcasestudySet
M2D065	NA	NA	NA	M2D65_S47_L001_R1_001.fastq.gz	M2D65_S47_L001_R2_001.fastq.gz	M2D65	Male	Early	D065	65	iMAPcasestudySet
M2D125	NA	NA	NA	M2D125_S48_L001_R1_001.fastq.gz	M2D125_S48_L001_R2_001.fastq.gz	M2D125	Male	Late	D125	125	iMAPcasestudySet
M2D141	NA	NA	NA	M2D141_S49_L001_R1_001.fastq.gz	M2D141_S49_L001_R2_001.fastq.gz	M2D141	Male	Late	D141	141	iMAPcasestudySet
M2D142	NA	NA	NA	M2D142_S50_L001_R1_001.fastq.gz	M2D142_S50_L001_R2_001.fastq.gz	M2D142	Male	Late	D142	142	iMAPcasestudySet
M2D143	NA	NA	NA	M2D143_S51_L001_R1_001.fastq.gz	M2D143_S51_L001_R2_001.fastq.gz	M2D143	Male	Late	D143	143	iMAPcasestudySet
M2D144	NA	NA	NA	M2D144_S52_L001_R1_001.fastq.gz	M2D144_S52_L001_R2_001.fastq.gz	M2D144	Male	Late	D144	144	iMAPcasestudySet
M2D145	NA	NA	NA	M2D145_S53_L001_R1_001.fastq.gz	M2D145_S53_L001_R2_001.fastq.gz	M2D145	Male	Late	D145	145	iMAPcasestudySet
M2D146	NA	NA	NA	M2D146_S54_L001_R1_001.fastq.gz	M2D146_S54_L001_R2_001.fastq.gz	M2D146	Male	Late	D146	146	iMAPcasestudySet
M2D147	NA	NA	NA	M2D147_S55_L001_R1_001.fastq.gz	M2D147_S55_L001_R2_001.fastq.gz	M2D147	Male	Late	D147	147	iMAPcasestudySet
M2D148	NA	NA	NA	M2D148_S56_L001_R1_001.fastq.gz	M2D148_S56_L001_R2_001.fastq.gz	M2D148	Male	Late	D148	148	iMAPcasestudySet
M2D149	NA	NA	NA	M2D149_S57_L001_R1_001.fastq.gz	M2D149_S57_L001_R2_001.fastq.gz	M2D149	Male	Late	D149	149	iMAPcasestudySet
M2D150	NA	NA	NA	M2D150_S58_L001_R1_001.fastq.gz	M2D150_S58_L001_R2_001.fastq.gz	M2D150	Male	Late	D150	150	iMAPcasestudySet
M2D364	NA	NA	NA	M2D364_S59_L001_R1_001.fastq.gz	M2D364_S59_L001_R2_001.fastq.gz	M2D364	Male	Late	D364	364	iMAPcasestudySet
M3D000	NA	NA	NA	M3D0_S60_L001_R1_001.fastq.gz	M3D0_S60_L001_R2_001.fastq.gz	M3D0	Male	Early	D000	0	iMAPcasestudySet
M3D001	NA	NA	NA	M3D1_S61_L001_R1_001.fastq.gz	M3D1_S61_L001_R2_001.fastq.gz	M3D1	Male	Early	D001	1	iMAPcasestudySet
M3D002	NA	NA	NA	M3D2_S62_L001_R1_001.fastq.gz	M3D2_S62_L001_R2_001.fastq.gz	M3D2	Male	Early	D002	2	iMAPcasestudySet
M3D003	NA	NA	NA	M3D3_S63_L001_R1_001.fastq.gz	M3D3_S63_L001_R2_001.fastq.gz	M3D3	Male	Early	D003	3	iMAPcasestudySet
M3D004	NA	NA	NA	M3D4_S64_L001_R1_001.fastq.gz	M3D4_S64_L001_R2_001.fastq.gz	M3D4	Male	Early	D004	4	iMAPcasestudySet
M3D005	NA	NA	NA	M3D5_S65_L001_R1_001.fastq.gz	M3D5_S65_L001_R2_001.fastq.gz	M3D5	Male	Early	D005	5	iMAPcasestudySet
M3D006	NA	NA	NA	M3D6_S66_L001_R1_001.fastq.gz	M3D6_S66_L001_R2_001.fastq.gz	M3D6	Male	Early	D006	6	iMAPcasestudySet
M3D007	NA	NA	NA	M3D7_S67_L001_R1_001.fastq.gz	M3D7_S67_L001_R2_001.fastq.gz	M3D7	Male	Early	D007	7	iMAPcasestudySet
M3D008	NA	NA	NA	M3D8_S68_L001_R1_001.fastq.gz	M3D8_S68_L001_R2_001.fastq.gz	M3D8	Male	Early	D008	8	iMAPcasestudySet
M3D009	NA	NA	NA	M3D9_S69_L001_R1_001.fastq.gz	M3D9_S69_L001_R2_001.fastq.gz	M3D9	Male	Early	D009	9	iMAPcasestudySet
M3D011	NA	NA	NA	M3D11_S70_L001_R1_001.fastq.gz	M3D11_S70_L001_R2_001.fastq.gz	M3D11	Male	Early	D011	11	iMAPcasestudySet
M3D013	NA	NA	NA	M3D13_S71_L001_R1_001.fastq.gz	M3D13_S71_L001_R2_001.fastq.gz	M3D13	Male	Early	D013	13	iMAPcasestudySet
M3D015	NA	NA	NA	M3D15_S72_L001_R1_001.fastq.gz	M3D15_S72_L001_R2_001.fastq.gz	M3D15	Male	Early	D015	15	iMAPcasestudySet
M3D017	NA	NA	NA	M3D17_S73_L001_R1_001.fastq.gz	M3D17_S73_L001_R2_001.fastq.gz	M3D17	Male	Early	D017	17	iMAPcasestudySet
M3D019	NA	NA	NA	M3D19_S74_L001_R1_001.fastq.gz	M3D19_S74_L001_R2_001.fastq.gz	M3D19	Male	Early	D019	19	iMAPcasestudySet
M3D021	NA	NA	NA	M3D21_S75_L001_R1_001.fastq.gz	M3D21_S75_L001_R2_001.fastq.gz	M3D21	Male	Early	D021	21	iMAPcasestudySet
M3D025	NA	NA	NA	M3D25_S76_L001_R1_001.fastq.gz	M3D25_S76_L001_R2_001.fastq.gz	M3D25	Male	Early	D025	25	iMAPcasestudySet
M3D045	NA	NA	NA	M3D45_S77_L001_R1_001.fastq.gz	M3D45_S77_L001_R2_001.fastq.gz	M3D45	Male	Early	D045	45	iMAPcasestudySet
M3D065	NA	NA	NA	M3D65_S78_L001_R1_001.fastq.gz	M3D65_S78_L001_R2_001.fastq.gz	M3D65	Male	Early	D065	65	iMAPcasestudySet
M3D125	NA	NA	NA	M3D125_S79_L001_R1_001.fastq.gz	M3D125_S79_L001_R2_001.fastq.gz	M3D125	Male	Late	D125	125	iMAPcasestudySet
M3D141	NA	NA	NA	M3D141_S80_L001_R1_001.fastq.gz	M3D141_S80_L001_R2_001.fastq.gz	M3D141	Male	Late	D141	141	iMAPcasestudySet
M3D142	NA	NA	NA	M3D142_S81_L001_R1_001.fastq.gz	M3D142_S81_L001_R2_001.fastq.gz	M3D142	Male	Late	D142	142	iMAPcasestudySet
M3D143	NA	NA	NA	M3D143_S82_L001_R1_001.fastq.gz	M3D143_S82_L001_R2_001.fastq.gz	M3D143	Male	Late	D143	143	iMAPcasestudySet
M3D144	NA	NA	NA	M3D144_S83_L001_R1_001.fastq.gz	M3D144_S83_L001_R2_001.fastq.gz	M3D144	Male	Late	D144	144	iMAPcasestudySet
M3D145	NA	NA	NA	M3D145_S84_L001_R1_001.fastq.gz	M3D145_S84_L001_R2_001.fastq.gz	M3D145	Male	Late	D145	145	iMAPcasestudySet
M3D146	NA	NA	NA	M3D146_S85_L001_R1_001.fastq.gz	M3D146_S85_L001_R2_001.fastq.gz	M3D146	Male	Late	D146	146	iMAPcasestudySet
M3D147	NA	NA	NA	M3D147_S86_L001_R1_001.fastq.gz	M3D147_S86_L001_R2_001.fastq.gz	M3D147	Male	Late	D147	147	iMAPcasestudySet
M3D148	NA	NA	NA	M3D148_S87_L001_R1_001.fastq.gz	M3D148_S87_L001_R2_001.fastq.gz	M3D148	Male	Late	D148	148	iMAPcasestudySet
M3D149	NA	NA	NA	M3D149_S88_L001_R1_001.fastq.gz	M3D149_S88_L001_R2_001.fastq.gz	M3D149	Male	Late	D149	149	iMAPcasestudySet
M3D150	NA	NA	NA	M3D150_S89_L001_R1_001.fastq.gz	M3D150_S89_L001_R2_001.fastq.gz	M3D150	Male	Late	D150	150	iMAPcasestudySet
M3D175	NA	NA	NA	M3D175_S90_L001_R1_001.fastq.gz	M3D175_S90_L001_R2_001.fastq.gz	M3D175	Male	Late	D175	175	iMAPcasestudySet
M3D364	NA	NA	NA	M3D364_S91_L001_R1_001.fastq.gz	M3D364_S91_L001_R2_001.fastq.gz	M3D364	Male	Late	D364	364	iMAPcasestudySet
M4D000	NA	NA	NA	M4D0_S92_L001_R1_001.fastq.gz	M4D0_S92_L001_R2_001.fastq.gz	M4D0	Male	Early	D000	0	iMAPcasestudySet
M4D001	NA	NA	NA	M4D1_S93_L001_R1_001.fastq.gz	M4D1_S93_L001_R2_001.fastq.gz	M4D1	Male	Early	D001	1	iMAPcasestudySet
M4D002	NA	NA	NA	M4D2_S94_L001_R1_001.fastq.gz	M4D2_S94_L001_R2_001.fastq.gz	M4D2	Male	Early	D002	2	iMAPcasestudySet
M4D003	NA	NA	NA	M4D3_S95_L001_R1_001.fastq.gz	M4D3_S95_L001_R2_001.fastq.gz	M4D3	Male	Early	D003	3	iMAPcasestudySet
M4D004	NA	NA	NA	M4D4_S96_L001_R1_001.fastq.gz	M4D4_S96_L001_R2_001.fastq.gz	M4D4	Male	Early	D004	4	iMAPcasestudySet
M4D005	NA	NA	NA	M4D5_S97_L001_R1_001.fastq.gz	M4D5_S97_L001_R2_001.fastq.gz	M4D5	Male	Early	D005	5	iMAPcasestudySet
M4D006	NA	NA	NA	M4D6_S98_L001_R1_001.fastq.gz	M4D6_S98_L001_R2_001.fastq.gz	M4D6	Male	Early	D006	6	iMAPcasestudySet
M4D007	NA	NA	NA	M4D7_S99_L001_R1_001.fastq.gz	M4D7_S99_L001_R2_001.fastq.gz	M4D7	Male	Early	D007	7	iMAPcasestudySet
M4D008	NA	NA	NA	M4D8_S100_L001_R1_001.fastq.gz	M4D8_S100_L001_R2_001.fastq.gz	M4D8	Male	Early	D008	8	iMAPcasestudySet
M4D009	NA	NA	NA	M4D9_S101_L001_R1_001.fastq.gz	M4D9_S101_L001_R2_001.fastq.gz	M4D9	Male	Early	D009	9	iMAPcasestudySet
M4D011	NA	NA	NA	M4D11_S102_L001_R1_001.fastq.gz	M4D11_S102_L001_R2_001.fastq.gz	M4D11	Male	Early	D011	11	iMAPcasestudySet
M4D013	NA	NA	NA	M4D13_S103_L001_R1_001.fastq.gz	M4D13_S103_L001_R2_001.fastq.gz	M4D13	Male	Early	D013	13	iMAPcasestudySet
M4D015	NA	NA	NA	M4D15_S104_L001_R1_001.fastq.gz	M4D15_S104_L001_R2_001.fastq.gz	M4D15	Male	Early	D015	15	iMAPcasestudySet
M4D017	NA	NA	NA	M4D17_S105_L001_R1_001.fastq.gz	M4D17_S105_L001_R2_001.fastq.gz	M4D17	Male	Early	D017	17	iMAPcasestudySet
M4D019	NA	NA	NA	M4D19_S106_L001_R1_001.fastq.gz	M4D19_S106_L001_R2_001.fastq.gz	M4D19	Male	Early	D019	19	iMAPcasestudySet
M4D021	NA	NA	NA	M4D21_S107_L001_R1_001.fastq.gz	M4D21_S107_L001_R2_001.fastq.gz	M4D21	Male	Early	D021	21	iMAPcasestudySet
M4D025	NA	NA	NA	M4D25_S108_L001_R1_001.fastq.gz	M4D25_S108_L001_R2_001.fastq.gz	M4D25	Male	Early	D025	25	iMAPcasestudySet
M4D045	NA	NA	NA	M4D45_S109_L001_R1_001.fastq.gz	M4D45_S109_L001_R2_001.fastq.gz	M4D45	Male	Early	D045	45	iMAPcasestudySet
M4D065	NA	NA	NA	M4D65_S110_L001_R1_001.fastq.gz	M4D65_S110_L001_R2_001.fastq.gz	M4D65	Male	Early	D065	65	iMAPcasestudySet
M4D125	NA	NA	NA	M4D125_S111_L001_R1_001.fastq.gz	M4D125_S111_L001_R2_001.fastq.gz	M4D125	Male	Late	D125	125	iMAPcasestudySet
M4D141	NA	NA	NA	M4D141_S112_L001_R1_001.fastq.gz	M4D141_S112_L001_R2_001.fastq.gz	M4D141	Male	Late	D141	141	iMAPcasestudySet
M4D142	NA	NA	NA	M4D142_S113_L001_R1_001.fastq.gz	M4D142_S113_L001_R2_001.fastq.gz	M4D142	Male	Late	D142	142	iMAPcasestudySet
M4D143	NA	NA	NA	M4D143_S114_L001_R1_001.fastq.gz	M4D143_S114_L001_R2_001.fastq.gz	M4D143	Male	Late	D143	143	iMAPcasestudySet
M4D144	NA	NA	NA	M4D144_S115_L001_R1_001.fastq.gz	M4D144_S115_L001_R2_001.fastq.gz	M4D144	Male	Late	D144	144	iMAPcasestudySet
M4D145	NA	NA	NA	M4D145_S116_L001_R1_001.fastq.gz	M4D145_S116_L001_R2_001.fastq.gz	M4D145	Male	Late	D145	145	iMAPcasestudySet
M4D146	NA	NA	NA	M4D146_S117_L001_R1_001.fastq.gz	M4D146_S117_L001_R2_001.fastq.gz	M4D146	Male	Late	D146	146	iMAPcasestudySet
M4D147	NA	NA	NA	M4D147_S118_L001_R1_001.fastq.gz	M4D147_S118_L001_R2_001.fastq.gz	M4D147	Male	Late	D147	147	iMAPcasestudySet
M4D148	NA	NA	NA	M4D148_S119_L001_R1_001.fastq.gz	M4D148_S119_L001_R2_001.fastq.gz	M4D148	Male	Late	D148	148	iMAPcasestudySet
M4D149	NA	NA	NA	M4D149_S120_L001_R1_001.fastq.gz	M4D149_S120_L001_R2_001.fastq.gz	M4D149	Male	Late	D149	149	iMAPcasestudySet
M4D150	NA	NA	NA	M4D150_S121_L001_R1_001.fastq.gz	M4D150_S121_L001_R2_001.fastq.gz	M4D150	Male	Late	D150	150	iMAPcasestudySet
M4D175	NA	NA	NA	M4D175_S122_L001_R1_001.fastq.gz	M4D175_S122_L001_R2_001.fastq.gz	M4D175	Male	Late	D175	175	iMAPcasestudySet
M4D364	NA	NA	NA	M4D364_S123_L001_R1_001.fastq.gz	M4D364_S123_L001_R2_001.fastq.gz	M4D364	Male	Late	D364	364	iMAPcasestudySet
M5D000	NA	NA	NA	M5D0_S124_L001_R1_001.fastq.gz	M5D0_S124_L001_R2_001.fastq.gz	M5D0	Male	Early	D000	0	iMAPcasestudySet
M5D001	NA	NA	NA	M5D1_S125_L001_R1_001.fastq.gz	M5D1_S125_L001_R2_001.fastq.gz	M5D1	Male	Early	D001	1	iMAPcasestudySet
M5D002	NA	NA	NA	M5D2_S126_L001_R1_001.fastq.gz	M5D2_S126_L001_R2_001.fastq.gz	M5D2	Male	Early	D002	2	iMAPcasestudySet
M5D003	NA	NA	NA	M5D3_S127_L001_R1_001.fastq.gz	M5D3_S127_L001_R2_001.fastq.gz	M5D3	Male	Early	D003	3	iMAPcasestudySet
M5D004	NA	NA	NA	M5D4_S128_L001_R1_001.fastq.gz	M5D4_S128_L001_R2_001.fastq.gz	M5D4	Male	Early	D004	4	iMAPcasestudySet
M5D005	NA	NA	NA	M5D5_S129_L001_R1_001.fastq.gz	M5D5_S129_L001_R2_001.fastq.gz	M5D5	Male	Early	D005	5	iMAPcasestudySet
M5D006	NA	NA	NA	M5D6_S130_L001_R1_001.fastq.gz	M5D6_S130_L001_R2_001.fastq.gz	M5D6	Male	Early	D006	6	iMAPcasestudySet
M5D007	NA	NA	NA	M5D7_S131_L001_R1_001.fastq.gz	M5D7_S131_L001_R2_001.fastq.gz	M5D7	Male	Early	D007	7	iMAPcasestudySet
M5D008	NA	NA	NA	M5D8_S132_L001_R1_001.fastq.gz	M5D8_S132_L001_R2_001.fastq.gz	M5D8	Male	Early	D008	8	iMAPcasestudySet
M5D009	NA	NA	NA	M5D9_S133_L001_R1_001.fastq.gz	M5D9_S133_L001_R2_001.fastq.gz	M5D9	Male	Early	D009	9	iMAPcasestudySet
M5D011	NA	NA	NA	M5D11_S134_L001_R1_001.fastq.gz	M5D11_S134_L001_R2_001.fastq.gz	M5D11	Male	Early	D011	11	iMAPcasestudySet
M5D013	NA	NA	NA	M5D13_S135_L001_R1_001.fastq.gz	M5D13_S135_L001_R2_001.fastq.gz	M5D13	Male	Early	D013	13	iMAPcasestudySet
M5D015	NA	NA	NA	M5D15_S136_L001_R1_001.fastq.gz	M5D15_S136_L001_R2_001.fastq.gz	M5D15	Male	Early	D015	15	iMAPcasestudySet
M5D017	NA	NA	NA	M5D17_S137_L001_R1_001.fastq.gz	M5D17_S137_L001_R2_001.fastq.gz	M5D17	Male	Early	D017	17	iMAPcasestudySet
M5D019	NA	NA	NA	M5D19_S138_L001_R1_001.fastq.gz	M5D19_S138_L001_R2_001.fastq.gz	M5D19	Male	Early	D019	19	iMAPcasestudySet
M5D021	NA	NA	NA	M5D21_S139_L001_R1_001.fastq.gz	M5D21_S139_L001_R2_001.fastq.gz	M5D21	Male	Early	D021	21	iMAPcasestudySet
M5D025	NA	NA	NA	M5D25_S140_L001_R1_001.fastq.gz	M5D25_S140_L001_R2_001.fastq.gz	M5D25	Male	Early	D025	25	iMAPcasestudySet
M5D045	NA	NA	NA	M5D45_S141_L001_R1_001.fastq.gz	M5D45_S141_L001_R2_001.fastq.gz	M5D45	Male	Early	D045	45	iMAPcasestudySet
M5D065	NA	NA	NA	M5D65_S142_L001_R1_001.fastq.gz	M5D65_S142_L001_R2_001.fastq.gz	M5D65	Male	Early	D065	65	iMAPcasestudySet
M5D124	NA	NA	NA	M5D124_S143_L001_R1_001.fastq.gz	M5D124_S143_L001_R2_001.fastq.gz	M5D124	Male	Late	D124	124	iMAPcasestudySet
M5D141	NA	NA	NA	M5D141_S144_L001_R1_001.fastq.gz	M5D141_S144_L001_R2_001.fastq.gz	M5D141	Male	Late	D141	141	iMAPcasestudySet
M5D142	NA	NA	NA	M5D142_S145_L001_R1_001.fastq.gz	M5D142_S145_L001_R2_001.fastq.gz	M5D142	Male	Late	D142	142	iMAPcasestudySet
M5D143	NA	NA	NA	M5D143_S146_L001_R1_001.fastq.gz	M5D143_S146_L001_R2_001.fastq.gz	M5D143	Male	Late	D143	143	iMAPcasestudySet
M5D144	NA	NA	NA	M5D144_S147_L001_R1_001.fastq.gz	M5D144_S147_L001_R2_001.fastq.gz	M5D144	Male	Late	D144	144	iMAPcasestudySet
M5D145	NA	NA	NA	M5D145_S148_L001_R1_001.fastq.gz	M5D145_S148_L001_R2_001.fastq.gz	M5D145	Male	Late	D145	145	iMAPcasestudySet
M5D146	NA	NA	NA	M5D146_S149_L001_R1_001.fastq.gz	M5D146_S149_L001_R2_001.fastq.gz	M5D146	Male	Late	D146	146	iMAPcasestudySet
M5D147	NA	NA	NA	M5D147_S150_L001_R1_001.fastq.gz	M5D147_S150_L001_R2_001.fastq.gz	M5D147	Male	Late	D147	147	iMAPcasestudySet
M5D148	NA	NA	NA	M5D148_S151_L001_R1_001.fastq.gz	M5D148_S151_L001_R2_001.fastq.gz	M5D148	Male	Late	D148	148	iMAPcasestudySet
M5D149	NA	NA	NA	M5D149_S152_L001_R1_001.fastq.gz	M5D149_S152_L001_R2_001.fastq.gz	M5D149	Male	Late	D149	149	iMAPcasestudySet
M5D150	NA	NA	NA	M5D150_S153_L001_R1_001.fastq.gz	M5D150_S153_L001_R2_001.fastq.gz	M5D150	Male	Late	D150	150	iMAPcasestudySet
M5D175	NA	NA	NA	M5D175_S154_L001_R1_001.fastq.gz	M5D175_S154_L001_R2_001.fastq.gz	M5D175	Male	Late	D175	175	iMAPcasestudySet
M5D364	NA	NA	NA	M5D364_S155_L001_R1_001.fastq.gz	M5D364_S155_L001_R2_001.fastq.gz	M5D364	Male	Late	D364	364	iMAPcasestudySet
M6D000	NA	NA	NA	M6D0_S156_L001_R1_001.fastq.gz	M6D0_S156_L001_R2_001.fastq.gz	M6D0	Male	Early	D000	0	iMAPcasestudySet
M6D001	NA	NA	NA	M6D1_S157_L001_R1_001.fastq.gz	M6D1_S157_L001_R2_001.fastq.gz	M6D1	Male	Early	D001	1	iMAPcasestudySet
M6D002	NA	NA	NA	M6D2_S158_L001_R1_001.fastq.gz	M6D2_S158_L001_R2_001.fastq.gz	M6D2	Male	Early	D002	2	iMAPcasestudySet
M6D003	NA	NA	NA	M6D3_S159_L001_R1_001.fastq.gz	M6D3_S159_L001_R2_001.fastq.gz	M6D3	Male	Early	D003	3	iMAPcasestudySet
M6D004	NA	NA	NA	M6D4_S160_L001_R1_001.fastq.gz	M6D4_S160_L001_R2_001.fastq.gz	M6D4	Male	Early	D004	4	iMAPcasestudySet
M6D005	NA	NA	NA	M6D5_S161_L001_R1_001.fastq.gz	M6D5_S161_L001_R2_001.fastq.gz	M6D5	Male	Early	D005	5	iMAPcasestudySet
M6D006	NA	NA	NA	M6D6_S162_L001_R1_001.fastq.gz	M6D6_S162_L001_R2_001.fastq.gz	M6D6	Male	Early	D006	6	iMAPcasestudySet
M6D007	NA	NA	NA	M6D7_S163_L001_R1_001.fastq.gz	M6D7_S163_L001_R2_001.fastq.gz	M6D7	Male	Early	D007	7	iMAPcasestudySet
M6D008	NA	NA	NA	M6D8_S164_L001_R1_001.fastq.gz	M6D8_S164_L001_R2_001.fastq.gz	M6D8	Male	Early	D008	8	iMAPcasestudySet
M6D009	NA	NA	NA	M6D9_S165_L001_R1_001.fastq.gz	M6D9_S165_L001_R2_001.fastq.gz	M6D9	Male	Early	D009	9	iMAPcasestudySet
M6D011	NA	NA	NA	M6D11_S166_L001_R1_001.fastq.gz	M6D11_S166_L001_R2_001.fastq.gz	M6D11	Male	Early	D011	11	iMAPcasestudySet
M6D013	NA	NA	NA	M6D13_S167_L001_R1_001.fastq.gz	M6D13_S167_L001_R2_001.fastq.gz	M6D13	Male	Early	D013	13	iMAPcasestudySet
M6D015	NA	NA	NA	M6D15_S168_L001_R1_001.fastq.gz	M6D15_S168_L001_R2_001.fastq.gz	M6D15	Male	Early	D015	15	iMAPcasestudySet
M6D017	NA	NA	NA	M6D17_S169_L001_R1_001.fastq.gz	M6D17_S169_L001_R2_001.fastq.gz	M6D17	Male	Early	D017	17	iMAPcasestudySet
M6D019	NA	NA	NA	M6D19_S170_L001_R1_001.fastq.gz	M6D19_S170_L001_R2_001.fastq.gz	M6D19	Male	Early	D019	19	iMAPcasestudySet
M6D021	NA	NA	NA	M6D21_S171_L001_R1_001.fastq.gz	M6D21_S171_L001_R2_001.fastq.gz	M6D21	Male	Early	D021	21	iMAPcasestudySet
M6D025	NA	NA	NA	M6D25_S172_L001_R1_001.fastq.gz	M6D25_S172_L001_R2_001.fastq.gz	M6D25	Male	Early	D025	25	iMAPcasestudySet
M6D045	NA	NA	NA	M6D45_S173_L001_R1_001.fastq.gz	M6D45_S173_L001_R2_001.fastq.gz	M6D45	Male	Early	D045	45	iMAPcasestudySet
M6D065	NA	NA	NA	M6D65_S174_L001_R1_001.fastq.gz	M6D65_S174_L001_R2_001.fastq.gz	M6D65	Male	Early	D065	65	iMAPcasestudySet
M6D124	NA	NA	NA	M6D124_S175_L001_R1_001.fastq.gz	M6D124_S175_L001_R2_001.fastq.gz	M6D124	Male	Late	D124	124	iMAPcasestudySet
M6D141	NA	NA	NA	M6D141_S176_L001_R1_001.fastq.gz	M6D141_S176_L001_R2_001.fastq.gz	M6D141	Male	Late	D141	141	iMAPcasestudySet
M6D142	NA	NA	NA	M6D142_S177_L001_R1_001.fastq.gz	M6D142_S177_L001_R2_001.fastq.gz	M6D142	Male	Late	D142	142	iMAPcasestudySet
M6D143	NA	NA	NA	M6D143_S178_L001_R1_001.fastq.gz	M6D143_S178_L001_R2_001.fastq.gz	M6D143	Male	Late	D143	143	iMAPcasestudySet
M6D144	NA	NA	NA	M6D144_S179_L001_R1_001.fastq.gz	M6D144_S179_L001_R2_001.fastq.gz	M6D144	Male	Late	D144	144	iMAPcasestudySet
M6D145	NA	NA	NA	M6D145_S180_L001_R1_001.fastq.gz	M6D145_S180_L001_R2_001.fastq.gz	M6D145	Male	Late	D145	145	iMAPcasestudySet
M6D146	NA	NA	NA	M6D146_S181_L001_R1_001.fastq.gz	M6D146_S181_L001_R2_001.fastq.gz	M6D146	Male	Late	D146	146	iMAPcasestudySet
M6D147	NA	NA	NA	M6D147_S182_L001_R1_001.fastq.gz	M6D147_S182_L001_R2_001.fastq.gz	M6D147	Male	Late	D147	147	iMAPcasestudySet
M6D148	NA	NA	NA	M6D148_S183_L001_R1_001.fastq.gz	M6D148_S183_L001_R2_001.fastq.gz	M6D148	Male	Late	D148	148	iMAPcasestudySet
M6D149	NA	NA	NA	M6D149_S184_L001_R1_001.fastq.gz	M6D149_S184_L001_R2_001.fastq.gz	M6D149	Male	Late	D149	149	iMAPcasestudySet
M6D150	NA	NA	NA	M6D150_S185_L001_R1_001.fastq.gz	M6D150_S185_L001_R2_001.fastq.gz	M6D150	Male	Late	D150	150	iMAPcasestudySet
M6D175	NA	NA	NA	M6D175_S186_L001_R1_001.fastq.gz	M6D175_S186_L001_R2_001.fastq.gz	M6D175	Male	Late	D175	175	iMAPcasestudySet
M6D364	NA	NA	NA	M6D364_S187_L001_R1_001.fastq.gz	M6D364_S187_L001_R2_001.fastq.gz	M6D364	Male	Late	D364	364	iMAPcasestudySet
